Day,Employee_ID,Name,Target_Packaged,Actual_Packaged,Total_Time_Taken (secs),Feedback_Rating,Packaging_Demand,Packaging_Ratio,Packaging_Demand_Ratio,Underperform,Assigned_Packaged,Predicted_Underperform,Adjusted_Assigned_Packaged
1,SP01,Fatima,10,10,160,4.0,112,1.0,0.56,0,10,0,10.0
1,SP02,Gaurav,10,10,150,4.0,112,1.0,0.56,0,10,0,10.0
1,SP03,Hema,10,10,162,4.7,112,1.0,0.56,0,10,0,10.0
1,SP04,Ishan,10,10,159,5.0,112,1.0,0.56,0,10,0,10.0
1,SP05,Jiya,10,10,131,4.2,112,1.0,0.56,0,10,0,10.0
1,SP06,Kabir,10,10,135,4.3,112,1.0,0.56,0,10,0,10.0
1,SP07,Lalit,10,10,156,4.6,112,1.0,0.56,0,10,0,10.0
1,SP08,Mira,10,10,132,3.6,112,1.0,0.56,0,10,0,10.0
1,SP09,Naveen,10,10,150,3.9,112,1.0,0.56,0,10,0,10.0
1,SP10,Omkar,10,10,145,4.4,112,1.0,0.56,0,10,0,10.0
1,SP11,Priya,10,10,176,5.0,112,1.0,0.56,0,10,0,10.0
1,SP12,Rashmi,10,10,151,4.2,112,1.0,0.56,0,10,0,10.0
1,SP13,Siddharth,10,10,164,4.8,112,1.0,0.56,0,10,0,10.0
1,SP14,Tanvi,10,8,161,3.8,112,0.8,0.56,1,10,1,9.0
1,SP15,Usha,10,9,152,4.6,112,0.9,0.56,1,10,1,9.0
1,SP16,Varsha,10,8,164,3.6,112,0.8,0.56,1,10,1,9.0
1,SP17,Yash,10,8,167,4.0,112,0.8,0.56,1,10,1,9.0
1,SP18,Zain,10,10,145,4.2,112,1.0,0.56,0,10,0,10.0
1,SP19,Arjun,10,10,121,4.9,112,1.0,0.56,0,10,0,10.0
1,SP20,Bhavna,10,10,149,5.0,112,1.0,0.56,0,10,0,10.0
2,SP01,Fatima,10,10,150,4.6,96,1.0,0.48,0,10,0,10.0
2,SP02,Gaurav,10,10,138,4.9,96,1.0,0.48,0,10,0,10.0
2,SP03,Hema,10,10,152,3.6,96,1.0,0.48,0,10,0,10.0
2,SP04,Ishan,10,10,152,5.0,96,1.0,0.48,0,10,0,10.0
2,SP05,Jiya,10,10,148,4.9,96,1.0,0.48,0,10,0,10.0
2,SP06,Kabir,10,9,158,4.3,96,0.9,0.48,1,10,1,9.0
2,SP07,Lalit,10,10,150,4.9,96,1.0,0.48,0,10,0,10.0
2,SP08,Mira,10,10,151,5.0,96,1.0,0.48,0,10,0,10.0
2,SP09,Naveen,10,10,137,4.0,96,1.0,0.48,0,10,0,10.0
2,SP10,Omkar,10,9,140,4.9,96,0.9,0.48,1,10,1,9.0
2,SP11,Priya,10,10,140,4.7,96,1.0,0.48,0,10,0,10.0
2,SP12,Rashmi,10,10,141,4.9,96,1.0,0.48,0,10,0,10.0
2,SP13,Siddharth,10,10,157,4.7,96,1.0,0.48,0,10,0,10.0
2,SP14,Tanvi,10,10,156,4.3,96,1.0,0.48,0,10,0,10.0
2,SP15,Usha,10,10,138,5.0,96,1.0,0.48,0,10,0,10.0
2,SP16,Varsha,10,10,133,5.0,96,1.0,0.48,0,10,0,10.0
2,SP17,Yash,10,10,148,4.5,96,1.0,0.48,0,10,0,10.0
2,SP18,Zain,10,10,135,5.0,96,1.0,0.48,0,10,0,10.0
2,SP19,Arjun,10,10,154,4.8,96,1.0,0.48,0,10,0,10.0
2,SP20,Bhavna,10,10,141,4.5,96,1.0,0.48,0,10,0,10.0
3,SP01,Fatima,10,10,147,3.7,89,1.0,0.445,0,10,0,10.0
3,SP02,Gaurav,10,8,127,4.3,89,0.8,0.445,1,10,1,9.0
3,SP03,Hema,10,10,139,4.3,89,1.0,0.445,0,10,0,10.0
3,SP04,Ishan,10,9,149,4.7,89,0.9,0.445,1,10,1,9.0
3,SP05,Jiya,10,10,143,4.3,89,1.0,0.445,0,10,0,10.0
3,SP06,Kabir,10,10,142,5.0,89,1.0,0.445,0,10,0,10.0
3,SP07,Lalit,10,10,136,5.0,89,1.0,0.445,0,10,0,10.0
3,SP08,Mira,10,10,154,4.5,89,1.0,0.445,0,10,0,10.0
3,SP09,Naveen,10,10,154,5.0,89,1.0,0.445,0,10,0,10.0
3,SP10,Omkar,10,10,161,4.2,89,1.0,0.445,0,10,0,10.0
3,SP11,Priya,10,10,150,4.5,89,1.0,0.445,0,10,0,10.0
3,SP12,Rashmi,10,10,142,4.9,89,1.0,0.445,0,10,0,10.0
3,SP13,Siddharth,10,10,157,4.3,89,1.0,0.445,0,10,0,10.0
3,SP14,Tanvi,10,10,123,5.0,89,1.0,0.445,0,10,0,10.0
3,SP15,Usha,10,10,162,2.8,89,1.0,0.445,0,10,0,10.0
3,SP16,Varsha,10,10,147,5.0,89,1.0,0.445,0,10,0,10.0
3,SP17,Yash,10,10,159,4.5,89,1.0,0.445,0,10,0,10.0
3,SP18,Zain,10,10,146,4.5,89,1.0,0.445,0,10,0,10.0
3,SP19,Arjun,10,10,158,4.0,89,1.0,0.445,0,10,0,10.0
3,SP20,Bhavna,10,10,152,4.1,89,1.0,0.445,0,10,0,10.0
4,SP01,Fatima,10,10,145,3.9,91,1.0,0.455,0,10,0,10.0
4,SP02,Gaurav,10,10,158,4.4,91,1.0,0.455,0,10,0,10.0
4,SP03,Hema,10,10,142,5.0,91,1.0,0.455,0,10,0,10.0
4,SP04,Ishan,10,10,165,4.4,91,1.0,0.455,0,10,0,10.0
4,SP05,Jiya,10,10,150,4.7,91,1.0,0.455,0,10,0,10.0
4,SP06,Kabir,10,10,165,4.8,91,1.0,0.455,0,10,0,10.0
4,SP07,Lalit,10,10,156,4.6,91,1.0,0.455,0,10,0,10.0
4,SP08,Mira,10,10,149,4.6,91,1.0,0.455,0,10,0,10.0
4,SP09,Naveen,10,10,147,4.6,91,1.0,0.455,0,10,0,10.0
4,SP10,Omkar,10,10,141,4.1,91,1.0,0.455,0,10,0,10.0
4,SP11,Priya,10,10,147,4.9,91,1.0,0.455,0,10,0,10.0
4,SP12,Rashmi,10,10,144,4.2,91,1.0,0.455,0,10,0,10.0
4,SP13,Siddharth,10,10,145,4.0,91,1.0,0.455,0,10,0,10.0
4,SP14,Tanvi,10,10,178,4.7,91,1.0,0.455,0,10,0,10.0
4,SP15,Usha,10,10,155,3.6,91,1.0,0.455,0,10,0,10.0
4,SP16,Varsha,10,10,149,4.4,91,1.0,0.455,0,10,0,10.0
4,SP17,Yash,10,9,131,4.3,91,0.9,0.455,1,10,1,9.0
4,SP18,Zain,10,10,155,4.0,91,1.0,0.455,0,10,0,10.0
4,SP19,Arjun,10,10,139,4.3,91,1.0,0.455,0,10,0,10.0
4,SP20,Bhavna,10,10,144,4.0,91,1.0,0.455,0,10,0,10.0
5,SP01,Fatima,10,10,141,4.7,101,1.0,0.505,0,10,0,10.0
5,SP02,Gaurav,10,10,155,5.0,101,1.0,0.505,0,10,0,10.0
5,SP03,Hema,10,8,136,4.6,101,0.8,0.505,1,10,1,9.0
5,SP04,Ishan,10,10,134,4.1,101,1.0,0.505,0,10,0,10.0
5,SP05,Jiya,10,10,142,4.9,101,1.0,0.505,0,10,0,10.0
5,SP06,Kabir,10,10,165,4.3,101,1.0,0.505,0,10,0,10.0
5,SP07,Lalit,10,10,143,4.5,101,1.0,0.505,0,10,0,10.0
5,SP08,Mira,10,10,159,4.7,101,1.0,0.505,0,10,0,10.0
5,SP09,Naveen,10,10,149,4.3,101,1.0,0.505,0,10,0,10.0
5,SP10,Omkar,10,10,166,4.8,101,1.0,0.505,0,10,0,10.0
5,SP11,Priya,10,10,155,4.9,101,1.0,0.505,0,10,0,10.0
5,SP12,Rashmi,10,10,139,3.8,101,1.0,0.505,0,10,0,10.0
5,SP13,Siddharth,10,10,140,4.4,101,1.0,0.505,0,10,0,10.0
5,SP14,Tanvi,10,10,153,4.7,101,1.0,0.505,0,10,0,10.0
5,SP15,Usha,10,10,161,4.4,101,1.0,0.505,0,10,0,10.0
5,SP16,Varsha,10,10,146,5.0,101,1.0,0.505,0,10,0,10.0
5,SP17,Yash,10,10,132,3.9,101,1.0,0.505,0,10,0,10.0
5,SP18,Zain,10,10,156,5.0,101,1.0,0.505,0,10,0,10.0
5,SP19,Arjun,10,10,141,5.0,101,1.0,0.505,0,10,0,10.0
5,SP20,Bhavna,10,10,145,4.3,101,1.0,0.505,0,10,0,10.0
6,SP01,Fatima,10,10,155,4.9,96,1.0,0.48,0,10,0,10.0
6,SP02,Gaurav,10,10,154,4.3,96,1.0,0.48,0,10,0,10.0
6,SP03,Hema,10,9,135,4.1,96,0.9,0.48,1,10,1,9.0
6,SP04,Ishan,10,10,145,3.9,96,1.0,0.48,0,10,0,10.0
6,SP05,Jiya,10,10,153,5.0,96,1.0,0.48,0,10,0,10.0
6,SP06,Kabir,10,10,152,4.1,96,1.0,0.48,0,10,0,10.0
6,SP07,Lalit,10,10,155,5.0,96,1.0,0.48,0,10,0,10.0
6,SP08,Mira,10,10,139,4.4,96,1.0,0.48,0,10,0,10.0
6,SP09,Naveen,10,10,147,5.0,96,1.0,0.48,0,10,0,10.0
6,SP10,Omkar,10,10,147,3.4,96,1.0,0.48,0,10,0,10.0
6,SP11,Priya,10,10,157,4.1,96,1.0,0.48,0,10,0,10.0
6,SP12,Rashmi,10,10,163,4.7,96,1.0,0.48,0,10,0,10.0
6,SP13,Siddharth,10,10,156,4.5,96,1.0,0.48,0,10,0,10.0
6,SP14,Tanvi,10,10,167,4.5,96,1.0,0.48,0,10,0,10.0
6,SP15,Usha,10,10,155,4.2,96,1.0,0.48,0,10,0,10.0
6,SP16,Varsha,10,10,143,5.0,96,1.0,0.48,0,10,0,10.0
6,SP17,Yash,10,9,148,4.7,96,0.9,0.48,1,10,1,9.0
6,SP18,Zain,10,10,151,5.0,96,1.0,0.48,0,10,0,10.0
6,SP19,Arjun,10,10,158,3.9,96,1.0,0.48,0,10,0,10.0
6,SP20,Bhavna,10,10,168,4.4,96,1.0,0.48,0,10,0,10.0
7,SP01,Fatima,10,8,137,5.0,91,0.8,0.455,1,10,1,9.0
7,SP02,Gaurav,10,10,148,3.8,91,1.0,0.455,0,10,0,10.0
7,SP03,Hema,10,10,156,4.0,91,1.0,0.455,0,10,0,10.0
7,SP04,Ishan,10,10,158,4.9,91,1.0,0.455,0,10,0,10.0
7,SP05,Jiya,10,10,148,5.0,91,1.0,0.455,0,10,0,10.0
7,SP06,Kabir,10,8,152,4.8,91,0.8,0.455,1,10,1,9.0
7,SP07,Lalit,10,10,154,4.8,91,1.0,0.455,0,10,0,10.0
7,SP08,Mira,10,10,147,4.4,91,1.0,0.455,0,10,0,10.0
7,SP09,Naveen,10,10,139,4.5,91,1.0,0.455,0,10,0,10.0
7,SP10,Omkar,10,10,166,5.0,91,1.0,0.455,0,10,0,10.0
7,SP11,Priya,10,10,138,4.7,91,1.0,0.455,0,10,0,10.0
7,SP12,Rashmi,10,10,152,4.9,91,1.0,0.455,0,10,0,10.0
7,SP13,Siddharth,10,10,152,4.8,91,1.0,0.455,0,10,0,10.0
7,SP14,Tanvi,10,9,143,4.0,91,0.9,0.455,1,10,1,9.0
7,SP15,Usha,10,10,178,4.6,91,1.0,0.455,0,10,0,10.0
7,SP16,Varsha,10,10,150,4.8,91,1.0,0.455,0,10,0,10.0
7,SP17,Yash,10,10,160,4.4,91,1.0,0.455,0,10,0,10.0
7,SP18,Zain,10,9,166,5.0,91,0.9,0.455,1,10,1,9.0
7,SP19,Arjun,10,10,138,3.7,91,1.0,0.455,0,10,0,10.0
7,SP20,Bhavna,10,8,135,4.1,91,0.8,0.455,1,10,1,9.0
8,SP01,Fatima,10,10,143,4.0,93,1.0,0.465,0,10,0,10.0
8,SP02,Gaurav,10,10,150,5.0,93,1.0,0.465,0,10,0,10.0
8,SP03,Hema,10,10,124,4.0,93,1.0,0.465,0,10,0,10.0
8,SP04,Ishan,10,10,147,4.8,93,1.0,0.465,0,10,0,10.0
8,SP05,Jiya,10,10,129,5.0,93,1.0,0.465,0,10,0,10.0
8,SP06,Kabir,10,10,145,5.0,93,1.0,0.465,0,10,0,10.0
8,SP07,Lalit,10,10,148,4.6,93,1.0,0.465,0,10,0,10.0
8,SP08,Mira,10,9,167,4.4,93,0.9,0.465,1,10,1,9.0
8,SP09,Naveen,10,8,123,4.0,93,0.8,0.465,1,10,1,9.0
8,SP10,Omkar,10,8,125,3.4,93,0.8,0.465,1,10,1,9.0
8,SP11,Priya,10,8,152,5.0,93,0.8,0.465,1,10,1,9.0
8,SP12,Rashmi,10,10,152,4.7,93,1.0,0.465,0,10,0,10.0
8,SP13,Siddharth,10,10,166,3.5,93,1.0,0.465,0,10,0,10.0
8,SP14,Tanvi,10,10,136,4.3,93,1.0,0.465,0,10,0,10.0
8,SP15,Usha,10,10,160,4.6,93,1.0,0.465,0,10,0,10.0
8,SP16,Varsha,10,10,140,4.2,93,1.0,0.465,0,10,0,10.0
8,SP17,Yash,10,10,161,5.0,93,1.0,0.465,0,10,0,10.0
8,SP18,Zain,10,10,138,4.5,93,1.0,0.465,0,10,0,10.0
8,SP19,Arjun,10,10,145,4.2,93,1.0,0.465,0,10,0,10.0
8,SP20,Bhavna,10,10,135,4.7,93,1.0,0.465,0,10,0,10.0
9,SP01,Fatima,10,10,160,5.0,100,1.0,0.5,0,10,0,10.0
9,SP02,Gaurav,10,10,147,4.4,100,1.0,0.5,0,10,0,10.0
9,SP03,Hema,10,10,136,4.9,100,1.0,0.5,0,10,0,10.0
9,SP04,Ishan,10,10,147,3.4,100,1.0,0.5,0,10,0,10.0
9,SP05,Jiya,10,10,144,4.6,100,1.0,0.5,0,10,0,10.0
9,SP06,Kabir,10,10,148,4.7,100,1.0,0.5,0,10,0,10.0
9,SP07,Lalit,10,10,134,3.9,100,1.0,0.5,0,10,0,10.0
9,SP08,Mira,10,8,156,4.8,100,0.8,0.5,1,10,1,9.0
9,SP09,Naveen,10,10,155,4.9,100,1.0,0.5,0,10,0,10.0
9,SP10,Omkar,10,10,143,4.2,100,1.0,0.5,0,10,0,10.0
9,SP11,Priya,10,10,151,4.4,100,1.0,0.5,0,10,0,10.0
9,SP12,Rashmi,10,10,155,4.1,100,1.0,0.5,0,10,0,10.0
9,SP13,Siddharth,10,10,151,3.8,100,1.0,0.5,0,10,0,10.0
9,SP14,Tanvi,10,10,152,4.6,100,1.0,0.5,0,10,0,10.0
9,SP15,Usha,10,10,161,4.5,100,1.0,0.5,0,10,0,10.0
9,SP16,Varsha,10,10,149,4.8,100,1.0,0.5,0,10,0,10.0
9,SP17,Yash,10,10,145,4.3,100,1.0,0.5,0,10,0,10.0
9,SP18,Zain,10,9,134,4.0,100,0.9,0.5,1,10,1,9.0
9,SP19,Arjun,10,10,157,5.0,100,1.0,0.5,0,10,0,10.0
9,SP20,Bhavna,10,10,161,4.5,100,1.0,0.5,0,10,0,10.0
10,SP01,Fatima,10,8,146,4.5,97,0.8,0.485,1,10,1,9.0
10,SP02,Gaurav,10,10,157,3.9,97,1.0,0.485,0,10,0,10.0
10,SP03,Hema,10,8,157,4.5,97,0.8,0.485,1,10,1,9.0
10,SP04,Ishan,10,10,156,4.6,97,1.0,0.485,0,10,0,10.0
10,SP05,Jiya,10,10,150,5.0,97,1.0,0.485,0,10,0,10.0
10,SP06,Kabir,10,10,164,4.6,97,1.0,0.485,0,10,0,10.0
10,SP07,Lalit,10,10,152,4.7,97,1.0,0.485,0,10,0,10.0
10,SP08,Mira,10,9,158,3.5,97,0.9,0.485,1,10,1,9.0
10,SP09,Naveen,10,10,143,4.5,97,1.0,0.485,0,10,0,10.0
10,SP10,Omkar,10,8,150,4.0,97,0.8,0.485,1,10,1,9.0
10,SP11,Priya,10,10,148,4.3,97,1.0,0.485,0,10,0,10.0
10,SP12,Rashmi,10,10,135,5.0,97,1.0,0.485,0,10,0,10.0
10,SP13,Siddharth,10,10,158,5.0,97,1.0,0.485,0,10,0,10.0
10,SP14,Tanvi,10,10,150,4.5,97,1.0,0.485,0,10,0,10.0
10,SP15,Usha,10,10,159,4.7,97,1.0,0.485,0,10,0,10.0
10,SP16,Varsha,10,10,135,4.1,97,1.0,0.485,0,10,0,10.0
10,SP17,Yash,10,10,161,5.0,97,1.0,0.485,0,10,0,10.0
10,SP18,Zain,10,10,155,4.9,97,1.0,0.485,0,10,0,10.0
10,SP19,Arjun,10,9,158,4.4,97,0.9,0.485,1,10,1,9.0
10,SP20,Bhavna,10,10,154,4.5,97,1.0,0.485,0,10,0,10.0
11,SP01,Fatima,10,10,153,4.8,110,1.0,0.55,0,10,0,10.0
11,SP02,Gaurav,10,10,138,4.8,110,1.0,0.55,0,10,0,10.0
11,SP03,Hema,10,10,137,4.7,110,1.0,0.55,0,10,0,10.0
11,SP04,Ishan,10,10,160,4.6,110,1.0,0.55,0,10,0,10.0
11,SP05,Jiya,10,10,137,4.5,110,1.0,0.55,0,10,0,10.0
11,SP06,Kabir,10,8,163,4.6,110,0.8,0.55,1,10,1,9.0
11,SP07,Lalit,10,10,156,4.7,110,1.0,0.55,0,10,0,10.0
11,SP08,Mira,10,10,130,4.4,110,1.0,0.55,0,10,0,10.0
11,SP09,Naveen,10,10,164,5.0,110,1.0,0.55,0,10,0,10.0
11,SP10,Omkar,10,10,141,3.2,110,1.0,0.55,0,10,0,10.0
11,SP11,Priya,10,10,148,4.1,110,1.0,0.55,0,10,0,10.0
11,SP12,Rashmi,10,10,148,4.1,110,1.0,0.55,0,10,0,10.0
11,SP13,Siddharth,10,10,138,3.5,110,1.0,0.55,0,10,0,10.0
11,SP14,Tanvi,10,10,152,3.8,110,1.0,0.55,0,10,0,10.0
11,SP15,Usha,10,8,162,5.0,110,0.8,0.55,1,10,1,9.0
11,SP16,Varsha,10,8,153,4.5,110,0.8,0.55,1,10,1,9.0
11,SP17,Yash,10,9,157,3.8,110,0.9,0.55,1,10,1,9.0
11,SP18,Zain,10,10,141,5.0,110,1.0,0.55,0,10,0,10.0
11,SP19,Arjun,10,10,146,4.7,110,1.0,0.55,0,10,0,10.0
11,SP20,Bhavna,10,10,161,4.2,110,1.0,0.55,0,10,0,10.0
12,SP01,Fatima,10,10,149,3.3,93,1.0,0.465,0,10,0,10.0
12,SP02,Gaurav,10,10,139,4.0,93,1.0,0.465,0,10,0,10.0
12,SP03,Hema,10,10,167,4.7,93,1.0,0.465,0,10,0,10.0
12,SP04,Ishan,10,10,147,4.3,93,1.0,0.465,0,10,0,10.0
12,SP05,Jiya,10,10,140,4.4,93,1.0,0.465,0,10,0,10.0
12,SP06,Kabir,10,10,144,5.0,93,1.0,0.465,0,10,0,10.0
12,SP07,Lalit,10,10,158,4.7,93,1.0,0.465,0,10,0,10.0
12,SP08,Mira,10,9,150,3.9,93,0.9,0.465,1,10,1,9.0
12,SP09,Naveen,10,10,146,3.8,93,1.0,0.465,0,10,0,10.0
12,SP10,Omkar,10,10,137,3.7,93,1.0,0.465,0,10,0,10.0
12,SP11,Priya,10,10,151,4.8,93,1.0,0.465,0,10,0,10.0
12,SP12,Rashmi,10,10,149,4.5,93,1.0,0.465,0,10,0,10.0
12,SP13,Siddharth,10,8,161,4.3,93,0.8,0.465,1,10,1,9.0
12,SP14,Tanvi,10,10,165,4.1,93,1.0,0.465,0,10,0,10.0
12,SP15,Usha,10,10,155,5.0,93,1.0,0.465,0,10,0,10.0
12,SP16,Varsha,10,10,139,4.6,93,1.0,0.465,0,10,0,10.0
12,SP17,Yash,10,10,152,4.2,93,1.0,0.465,0,10,0,10.0
12,SP18,Zain,10,10,145,3.9,93,1.0,0.465,0,10,0,10.0
12,SP19,Arjun,10,10,136,5.0,93,1.0,0.465,0,10,0,10.0
12,SP20,Bhavna,10,10,138,4.0,93,1.0,0.465,0,10,0,10.0
13,SP01,Fatima,10,10,157,5.0,106,1.0,0.53,0,10,0,10.0
13,SP02,Gaurav,10,10,146,4.7,106,1.0,0.53,0,10,0,10.0
13,SP03,Hema,10,9,167,3.5,106,0.9,0.53,1,10,1,9.0
13,SP04,Ishan,10,9,147,4.6,106,0.9,0.53,1,10,1,9.0
13,SP05,Jiya,10,10,143,4.2,106,1.0,0.53,0,10,0,10.0
13,SP06,Kabir,10,10,160,4.8,106,1.0,0.53,0,10,0,10.0
13,SP07,Lalit,10,10,151,4.0,106,1.0,0.53,0,10,0,10.0
13,SP08,Mira,10,10,164,4.4,106,1.0,0.53,0,10,0,10.0
13,SP09,Naveen,10,10,138,4.6,106,1.0,0.53,0,10,0,10.0
13,SP10,Omkar,10,10,147,4.9,106,1.0,0.53,0,10,0,10.0
13,SP11,Priya,10,10,164,4.8,106,1.0,0.53,0,10,0,10.0
13,SP12,Rashmi,10,9,166,5.0,106,0.9,0.53,1,10,1,9.0
13,SP13,Siddharth,10,10,141,4.5,106,1.0,0.53,0,10,0,10.0
13,SP14,Tanvi,10,10,158,4.9,106,1.0,0.53,0,10,0,10.0
13,SP15,Usha,10,9,153,4.7,106,0.9,0.53,1,10,1,9.0
13,SP16,Varsha,10,10,157,4.6,106,1.0,0.53,0,10,0,10.0
13,SP17,Yash,10,10,141,4.4,106,1.0,0.53,0,10,0,10.0
13,SP18,Zain,10,10,158,4.1,106,1.0,0.53,0,10,0,10.0
13,SP19,Arjun,10,9,161,4.3,106,0.9,0.53,1,10,1,9.0
13,SP20,Bhavna,10,10,149,4.1,106,1.0,0.53,0,10,0,10.0
14,SP01,Fatima,10,10,161,4.5,119,1.0,0.595,0,10,0,10.0
14,SP02,Gaurav,10,10,150,3.8,119,1.0,0.595,0,10,0,10.0
14,SP03,Hema,10,10,153,4.3,119,1.0,0.595,0,10,0,10.0
14,SP04,Ishan,10,10,152,4.9,119,1.0,0.595,0,10,0,10.0
14,SP05,Jiya,10,10,146,4.2,119,1.0,0.595,0,10,0,10.0
14,SP06,Kabir,10,10,150,5.0,119,1.0,0.595,0,10,0,10.0
14,SP07,Lalit,10,8,146,4.7,119,0.8,0.595,1,10,1,9.0
14,SP08,Mira,10,10,163,4.7,119,1.0,0.595,0,10,0,10.0
14,SP09,Naveen,10,9,155,4.6,119,0.9,0.595,1,10,1,9.0
14,SP10,Omkar,10,8,149,4.1,119,0.8,0.595,1,10,1,9.0
14,SP11,Priya,10,8,155,4.1,119,0.8,0.595,1,10,1,9.0
14,SP12,Rashmi,10,10,150,4.3,119,1.0,0.595,0,10,0,10.0
14,SP13,Siddharth,10,10,165,4.6,119,1.0,0.595,0,10,0,10.0
14,SP14,Tanvi,10,9,147,4.3,119,0.9,0.595,1,10,1,9.0
14,SP15,Usha,10,10,166,4.5,119,1.0,0.595,0,10,0,10.0
14,SP16,Varsha,10,10,144,4.7,119,1.0,0.595,0,10,0,10.0
14,SP17,Yash,10,10,148,4.3,119,1.0,0.595,0,10,0,10.0
14,SP18,Zain,10,10,168,3.8,119,1.0,0.595,0,10,0,10.0
14,SP19,Arjun,10,10,156,4.9,119,1.0,0.595,0,10,0,10.0
14,SP20,Bhavna,10,10,148,3.4,119,1.0,0.595,0,10,0,10.0
15,SP01,Fatima,10,10,146,4.5,111,1.0,0.555,0,10,0,10.0
15,SP02,Gaurav,10,10,157,4.9,111,1.0,0.555,0,10,0,10.0
15,SP03,Hema,10,10,155,5.0,111,1.0,0.555,0,10,0,10.0
15,SP04,Ishan,10,10,148,4.2,111,1.0,0.555,0,10,0,10.0
15,SP05,Jiya,10,10,145,4.6,111,1.0,0.555,0,10,0,10.0
15,SP06,Kabir,10,10,157,5.0,111,1.0,0.555,0,10,0,10.0
15,SP07,Lalit,10,10,148,4.0,111,1.0,0.555,0,10,0,10.0
15,SP08,Mira,10,10,147,4.6,111,1.0,0.555,0,10,0,10.0
15,SP09,Naveen,10,8,143,4.7,111,0.8,0.555,1,10,1,9.0
15,SP10,Omkar,10,10,138,4.1,111,1.0,0.555,0,10,0,10.0
15,SP11,Priya,10,9,173,4.5,111,0.9,0.555,1,10,1,9.0
15,SP12,Rashmi,10,10,153,5.0,111,1.0,0.555,0,10,0,10.0
15,SP13,Siddharth,10,10,172,4.2,111,1.0,0.555,0,10,0,10.0
15,SP14,Tanvi,10,10,145,4.6,111,1.0,0.555,0,10,0,10.0
15,SP15,Usha,10,10,141,5.0,111,1.0,0.555,0,10,0,10.0
15,SP16,Varsha,10,10,155,4.2,111,1.0,0.555,0,10,0,10.0
15,SP17,Yash,10,10,157,4.5,111,1.0,0.555,0,10,0,10.0
15,SP18,Zain,10,10,151,3.7,111,1.0,0.555,0,10,0,10.0
15,SP19,Arjun,10,10,154,4.9,111,1.0,0.555,0,10,0,10.0
15,SP20,Bhavna,10,10,139,4.7,111,1.0,0.555,0,10,0,10.0
16,SP01,Fatima,10,10,151,4.5,83,1.0,0.415,0,10,0,10.0
16,SP02,Gaurav,10,8,148,5.0,83,0.8,0.415,1,10,1,9.0
16,SP03,Hema,10,10,157,4.0,83,1.0,0.415,0,10,0,10.0
16,SP04,Ishan,10,10,147,5.0,83,1.0,0.415,0,10,0,10.0
16,SP05,Jiya,10,10,163,5.0,83,1.0,0.415,0,10,0,10.0
16,SP06,Kabir,10,9,163,5.0,83,0.9,0.415,1,10,1,9.0
16,SP07,Lalit,10,9,146,3.9,83,0.9,0.415,1,10,1,9.0
16,SP08,Mira,10,8,156,4.7,83,0.8,0.415,1,10,1,9.0
16,SP09,Naveen,10,10,144,3.8,83,1.0,0.415,0,10,0,10.0
16,SP10,Omkar,10,10,132,4.2,83,1.0,0.415,0,10,0,10.0
16,SP11,Priya,10,10,145,4.3,83,1.0,0.415,0,10,0,10.0
16,SP12,Rashmi,10,10,158,4.4,83,1.0,0.415,0,10,0,10.0
16,SP13,Siddharth,10,10,139,4.7,83,1.0,0.415,0,10,0,10.0
16,SP14,Tanvi,10,9,140,4.2,83,0.9,0.415,1,10,1,9.0
16,SP15,Usha,10,10,127,4.1,83,1.0,0.415,0,10,0,10.0
16,SP16,Varsha,10,10,150,4.6,83,1.0,0.415,0,10,0,10.0
16,SP17,Yash,10,10,152,4.4,83,1.0,0.415,0,10,0,10.0
16,SP18,Zain,10,10,152,4.7,83,1.0,0.415,0,10,0,10.0
16,SP19,Arjun,10,10,150,5.0,83,1.0,0.415,0,10,0,10.0
16,SP20,Bhavna,10,8,163,4.9,83,0.8,0.415,1,10,1,9.0
17,SP01,Fatima,10,10,136,4.3,112,1.0,0.56,0,10,0,10.0
17,SP02,Gaurav,10,9,142,4.7,112,0.9,0.56,1,10,1,9.0
17,SP03,Hema,10,9,158,4.4,112,0.9,0.56,1,10,1,9.0
17,SP04,Ishan,10,10,150,4.7,112,1.0,0.56,0,10,0,10.0
17,SP05,Jiya,10,10,138,4.8,112,1.0,0.56,0,10,0,10.0
17,SP06,Kabir,10,10,146,3.9,112,1.0,0.56,0,10,0,10.0
17,SP07,Lalit,10,10,150,4.7,112,1.0,0.56,0,10,0,10.0
17,SP08,Mira,10,9,141,4.4,112,0.9,0.56,1,10,1,9.0
17,SP09,Naveen,10,10,147,4.8,112,1.0,0.56,0,10,0,10.0
17,SP10,Omkar,10,10,153,5.0,112,1.0,0.56,0,10,0,10.0
17,SP11,Priya,10,10,147,4.0,112,1.0,0.56,0,10,0,10.0
17,SP12,Rashmi,10,10,146,3.9,112,1.0,0.56,0,10,0,10.0
17,SP13,Siddharth,10,10,152,4.6,112,1.0,0.56,0,10,0,10.0
17,SP14,Tanvi,10,8,146,4.7,112,0.8,0.56,1,10,1,9.0
17,SP15,Usha,10,9,140,3.5,112,0.9,0.56,1,10,1,9.0
17,SP16,Varsha,10,8,148,4.4,112,0.8,0.56,1,10,1,9.0
17,SP17,Yash,10,10,149,4.9,112,1.0,0.56,0,10,0,10.0
17,SP18,Zain,10,10,140,5.0,112,1.0,0.56,0,10,0,10.0
17,SP19,Arjun,10,10,154,5.0,112,1.0,0.56,0,10,0,10.0
17,SP20,Bhavna,10,9,133,4.4,112,0.9,0.56,1,10,1,9.0
18,SP01,Fatima,10,9,136,4.3,86,0.9,0.43,1,10,1,9.0
18,SP02,Gaurav,10,10,156,4.1,86,1.0,0.43,0,10,0,10.0
18,SP03,Hema,10,10,150,3.8,86,1.0,0.43,0,10,0,10.0
18,SP04,Ishan,10,10,140,4.0,86,1.0,0.43,0,10,0,10.0
18,SP05,Jiya,10,9,159,4.1,86,0.9,0.43,1,10,1,9.0
18,SP06,Kabir,10,10,151,3.7,86,1.0,0.43,0,10,0,10.0
18,SP07,Lalit,10,10,136,4.5,86,1.0,0.43,0,10,0,10.0
18,SP08,Mira,10,10,137,5.0,86,1.0,0.43,0,10,0,10.0
18,SP09,Naveen,10,10,161,4.8,86,1.0,0.43,0,10,0,10.0
18,SP10,Omkar,10,10,143,3.9,86,1.0,0.43,0,10,0,10.0
18,SP11,Priya,10,10,161,4.1,86,1.0,0.43,0,10,0,10.0
18,SP12,Rashmi,10,10,157,4.8,86,1.0,0.43,0,10,0,10.0
18,SP13,Siddharth,10,10,156,3.3,86,1.0,0.43,0,10,0,10.0
18,SP14,Tanvi,10,10,167,5.0,86,1.0,0.43,0,10,0,10.0
18,SP15,Usha,10,10,150,4.3,86,1.0,0.43,0,10,0,10.0
18,SP16,Varsha,10,10,152,3.6,86,1.0,0.43,0,10,0,10.0
18,SP17,Yash,10,8,145,4.9,86,0.8,0.43,1,10,1,9.0
18,SP18,Zain,10,10,137,5.0,86,1.0,0.43,0,10,0,10.0
18,SP19,Arjun,10,10,140,4.3,86,1.0,0.43,0,10,0,10.0
18,SP20,Bhavna,10,10,143,3.9,86,1.0,0.43,0,10,0,10.0
19,SP01,Fatima,10,10,153,3.5,104,1.0,0.52,0,10,0,10.0
19,SP02,Gaurav,10,8,151,5.0,104,0.8,0.52,1,10,1,9.0
19,SP03,Hema,10,10,130,3.9,104,1.0,0.52,0,10,0,10.0
19,SP04,Ishan,10,10,141,4.3,104,1.0,0.52,0,10,0,10.0
19,SP05,Jiya,10,10,151,4.5,104,1.0,0.52,0,10,0,10.0
19,SP06,Kabir,10,10,142,4.1,104,1.0,0.52,0,10,0,10.0
19,SP07,Lalit,10,10,161,4.7,104,1.0,0.52,0,10,0,10.0
19,SP08,Mira,10,10,139,4.6,104,1.0,0.52,0,10,0,10.0
19,SP09,Naveen,10,10,161,4.1,104,1.0,0.52,0,10,0,10.0
19,SP10,Omkar,10,10,157,4.9,104,1.0,0.52,0,10,0,10.0
19,SP11,Priya,10,10,152,4.7,104,1.0,0.52,0,10,0,10.0
19,SP12,Rashmi,10,10,148,5.0,104,1.0,0.52,0,10,0,10.0
19,SP13,Siddharth,10,10,134,4.5,104,1.0,0.52,0,10,0,10.0
19,SP14,Tanvi,10,10,151,5.0,104,1.0,0.52,0,10,0,10.0
19,SP15,Usha,10,9,138,4.2,104,0.9,0.52,1,10,1,9.0
19,SP16,Varsha,10,10,150,4.7,104,1.0,0.52,0,10,0,10.0
19,SP17,Yash,10,10,163,4.0,104,1.0,0.52,0,10,0,10.0
19,SP18,Zain,10,10,148,4.3,104,1.0,0.52,0,10,0,10.0
19,SP19,Arjun,10,10,158,4.2,104,1.0,0.52,0,10,0,10.0
19,SP20,Bhavna,10,10,147,4.4,104,1.0,0.52,0,10,0,10.0
20,SP01,Fatima,10,10,144,4.6,112,1.0,0.56,0,10,0,10.0
20,SP02,Gaurav,10,10,146,5.0,112,1.0,0.56,0,10,0,10.0
20,SP03,Hema,10,10,137,3.3,112,1.0,0.56,0,10,0,10.0
20,SP04,Ishan,10,10,158,4.5,112,1.0,0.56,0,10,0,10.0
20,SP05,Jiya,10,8,149,4.7,112,0.8,0.56,1,10,1,9.0
20,SP06,Kabir,10,10,139,4.8,112,1.0,0.56,0,10,0,10.0
20,SP07,Lalit,10,9,168,4.8,112,0.9,0.56,1,10,1,9.0
20,SP08,Mira,10,10,153,4.4,112,1.0,0.56,0,10,0,10.0
20,SP09,Naveen,10,10,147,5.0,112,1.0,0.56,0,10,0,10.0
20,SP10,Omkar,10,10,153,4.1,112,1.0,0.56,0,10,0,10.0
20,SP11,Priya,10,10,161,4.6,112,1.0,0.56,0,10,0,10.0
20,SP12,Rashmi,10,9,143,5.0,112,0.9,0.56,1,10,1,9.0
20,SP13,Siddharth,10,8,154,4.5,112,0.8,0.56,1,10,1,9.0
20,SP14,Tanvi,10,10,142,3.4,112,1.0,0.56,0,10,0,10.0
20,SP15,Usha,10,10,132,5.0,112,1.0,0.56,0,10,0,10.0
20,SP16,Varsha,10,10,140,4.1,112,1.0,0.56,0,10,0,10.0
20,SP17,Yash,10,10,140,4.3,112,1.0,0.56,0,10,0,10.0
20,SP18,Zain,10,10,157,4.0,112,1.0,0.56,0,10,0,10.0
20,SP19,Arjun,10,10,137,5.0,112,1.0,0.56,0,10,0,10.0
20,SP20,Bhavna,10,10,144,4.5,112,1.0,0.56,0,10,0,10.0
21,SP01,Fatima,10,10,138,4.8,103,1.0,0.515,0,10,0,10.0
21,SP02,Gaurav,10,9,164,4.9,103,0.9,0.515,1,10,1,9.0
21,SP03,Hema,10,8,152,4.5,103,0.8,0.515,1,10,1,9.0
21,SP04,Ishan,10,8,137,3.9,103,0.8,0.515,1,10,1,9.0
21,SP05,Jiya,10,10,136,4.1,103,1.0,0.515,0,10,0,10.0
21,SP06,Kabir,10,10,140,4.8,103,1.0,0.515,0,10,0,10.0
21,SP07,Lalit,10,10,164,3.8,103,1.0,0.515,0,10,0,10.0
21,SP08,Mira,10,10,146,4.4,103,1.0,0.515,0,10,0,10.0
21,SP09,Naveen,10,9,122,3.8,103,0.9,0.515,1,10,1,9.0
21,SP10,Omkar,10,10,149,4.9,103,1.0,0.515,0,10,0,10.0
21,SP11,Priya,10,10,150,4.1,103,1.0,0.515,0,10,0,10.0
21,SP12,Rashmi,10,10,120,4.2,103,1.0,0.515,0,10,0,10.0
21,SP13,Siddharth,10,10,150,4.4,103,1.0,0.515,0,10,0,10.0
21,SP14,Tanvi,10,8,161,5.0,103,0.8,0.515,1,10,1,9.0
21,SP15,Usha,10,10,143,4.1,103,1.0,0.515,0,10,0,10.0
21,SP16,Varsha,10,10,157,3.7,103,1.0,0.515,0,10,0,10.0
21,SP17,Yash,10,10,150,3.4,103,1.0,0.515,0,10,0,10.0
21,SP18,Zain,10,10,158,4.4,103,1.0,0.515,0,10,0,10.0
21,SP19,Arjun,10,10,148,4.7,103,1.0,0.515,0,10,0,10.0
21,SP20,Bhavna,10,10,157,5.0,103,1.0,0.515,0,10,0,10.0
22,SP01,Fatima,10,10,157,3.7,91,1.0,0.455,0,10,0,10.0
22,SP02,Gaurav,10,9,150,4.6,91,0.9,0.455,1,10,1,9.0
22,SP03,Hema,10,10,157,4.4,91,1.0,0.455,0,10,0,10.0
22,SP04,Ishan,10,10,146,3.9,91,1.0,0.455,0,10,0,10.0
22,SP05,Jiya,10,8,152,5.0,91,0.8,0.455,1,10,1,9.0
22,SP06,Kabir,10,10,142,4.3,91,1.0,0.455,0,10,0,10.0
22,SP07,Lalit,10,10,154,4.9,91,1.0,0.455,0,10,0,10.0
22,SP08,Mira,10,9,153,4.6,91,0.9,0.455,1,10,1,9.0
22,SP09,Naveen,10,10,142,4.1,91,1.0,0.455,0,10,0,10.0
22,SP10,Omkar,10,10,150,4.9,91,1.0,0.455,0,10,0,10.0
22,SP11,Priya,10,10,134,5.0,91,1.0,0.455,0,10,0,10.0
22,SP12,Rashmi,10,10,160,4.0,91,1.0,0.455,0,10,0,10.0
22,SP13,Siddharth,10,10,151,5.0,91,1.0,0.455,0,10,0,10.0
22,SP14,Tanvi,10,10,151,5.0,91,1.0,0.455,0,10,0,10.0
22,SP15,Usha,10,10,132,4.9,91,1.0,0.455,0,10,0,10.0
22,SP16,Varsha,10,10,150,4.2,91,1.0,0.455,0,10,0,10.0
22,SP17,Yash,10,10,145,4.2,91,1.0,0.455,0,10,0,10.0
22,SP18,Zain,10,10,165,5.0,91,1.0,0.455,0,10,0,10.0
22,SP19,Arjun,10,10,150,4.6,91,1.0,0.455,0,10,0,10.0
22,SP20,Bhavna,10,10,164,4.3,91,1.0,0.455,0,10,0,10.0
23,SP01,Fatima,10,10,152,3.9,106,1.0,0.53,0,10,0,10.0
23,SP02,Gaurav,10,10,145,4.5,106,1.0,0.53,0,10,0,10.0
23,SP03,Hema,10,10,146,4.2,106,1.0,0.53,0,10,0,10.0
23,SP04,Ishan,10,10,137,4.6,106,1.0,0.53,0,10,0,10.0
23,SP05,Jiya,10,10,154,4.4,106,1.0,0.53,0,10,0,10.0
23,SP06,Kabir,10,10,157,5.0,106,1.0,0.53,0,10,0,10.0
23,SP07,Lalit,10,10,139,4.7,106,1.0,0.53,0,10,0,10.0
23,SP08,Mira,10,8,143,4.3,106,0.8,0.53,1,10,1,9.0
23,SP09,Naveen,10,10,151,5.0,106,1.0,0.53,0,10,0,10.0
23,SP10,Omkar,10,10,146,5.0,106,1.0,0.53,0,10,0,10.0
23,SP11,Priya,10,10,142,4.6,106,1.0,0.53,0,10,0,10.0
23,SP12,Rashmi,10,10,138,4.8,106,1.0,0.53,0,10,0,10.0
23,SP13,Siddharth,10,10,162,5.0,106,1.0,0.53,0,10,0,10.0
23,SP14,Tanvi,10,10,135,3.7,106,1.0,0.53,0,10,0,10.0
23,SP15,Usha,10,10,143,5.0,106,1.0,0.53,0,10,0,10.0
23,SP16,Varsha,10,10,134,3.9,106,1.0,0.53,0,10,0,10.0
23,SP17,Yash,10,10,154,4.6,106,1.0,0.53,0,10,0,10.0
23,SP18,Zain,10,9,137,5.0,106,0.9,0.53,1,10,1,9.0
23,SP19,Arjun,10,10,167,5.0,106,1.0,0.53,0,10,0,10.0
23,SP20,Bhavna,10,10,152,5.0,106,1.0,0.53,0,10,0,10.0
24,SP01,Fatima,10,10,148,4.8,82,1.0,0.41,0,10,0,10.0
24,SP02,Gaurav,10,10,147,4.3,82,1.0,0.41,0,10,0,10.0
24,SP03,Hema,10,9,157,4.5,82,0.9,0.41,1,10,1,9.0
24,SP04,Ishan,10,10,155,4.4,82,1.0,0.41,0,10,0,10.0
24,SP05,Jiya,10,10,149,4.7,82,1.0,0.41,0,10,0,10.0
24,SP06,Kabir,10,9,146,5.0,82,0.9,0.41,1,10,1,9.0
24,SP07,Lalit,10,8,139,3.7,82,0.8,0.41,1,10,1,9.0
24,SP08,Mira,10,10,159,4.3,82,1.0,0.41,0,10,0,10.0
24,SP09,Naveen,10,10,150,3.8,82,1.0,0.41,0,10,0,10.0
24,SP10,Omkar,10,10,145,4.2,82,1.0,0.41,0,10,0,10.0
24,SP11,Priya,10,10,143,4.6,82,1.0,0.41,0,10,0,10.0
24,SP12,Rashmi,10,10,141,4.0,82,1.0,0.41,0,10,0,10.0
24,SP13,Siddharth,10,10,146,3.9,82,1.0,0.41,0,10,0,10.0
24,SP14,Tanvi,10,8,148,4.2,82,0.8,0.41,1,10,1,9.0
24,SP15,Usha,10,8,140,3.7,82,0.8,0.41,1,10,1,9.0
24,SP16,Varsha,10,10,136,4.5,82,1.0,0.41,0,10,0,10.0
24,SP17,Yash,10,10,136,4.1,82,1.0,0.41,0,10,0,10.0
24,SP18,Zain,10,10,149,5.0,82,1.0,0.41,0,10,0,10.0
24,SP19,Arjun,10,10,131,4.3,82,1.0,0.41,0,10,0,10.0
24,SP20,Bhavna,10,10,163,5.0,82,1.0,0.41,0,10,0,10.0
25,SP01,Fatima,10,10,144,3.9,94,1.0,0.47,0,10,0,10.0
25,SP02,Gaurav,10,10,140,4.8,94,1.0,0.47,0,10,0,10.0
25,SP03,Hema,10,10,152,5.0,94,1.0,0.47,0,10,0,10.0
25,SP04,Ishan,10,10,172,4.6,94,1.0,0.47,0,10,0,10.0
25,SP05,Jiya,10,10,141,3.9,94,1.0,0.47,0,10,0,10.0
25,SP06,Kabir,10,10,149,5.0,94,1.0,0.47,0,10,0,10.0
25,SP07,Lalit,10,10,149,5.0,94,1.0,0.47,0,10,0,10.0
25,SP08,Mira,10,9,144,4.6,94,0.9,0.47,1,10,1,9.0
25,SP09,Naveen,10,10,148,4.0,94,1.0,0.47,0,10,0,10.0
25,SP10,Omkar,10,8,148,4.7,94,0.8,0.47,1,10,1,9.0
25,SP11,Priya,10,10,139,4.8,94,1.0,0.47,0,10,0,10.0
25,SP12,Rashmi,10,10,153,4.5,94,1.0,0.47,0,10,0,10.0
25,SP13,Siddharth,10,10,152,5.0,94,1.0,0.47,0,10,0,10.0
25,SP14,Tanvi,10,10,143,4.9,94,1.0,0.47,0,10,0,10.0
25,SP15,Usha,10,9,162,5.0,94,0.9,0.47,1,10,1,9.0
25,SP16,Varsha,10,10,176,5.0,94,1.0,0.47,0,10,0,10.0
25,SP17,Yash,10,8,133,4.6,94,0.8,0.47,1,10,1,9.0
25,SP18,Zain,10,9,143,4.1,94,0.9,0.47,1,10,1,9.0
25,SP19,Arjun,10,10,153,4.5,94,1.0,0.47,0,10,0,10.0
25,SP20,Bhavna,10,10,157,4.9,94,1.0,0.47,0,10,0,10.0
26,SP01,Fatima,10,9,155,4.5,90,0.9,0.45,1,10,1,9.0
26,SP02,Gaurav,10,10,158,4.1,90,1.0,0.45,0,10,0,10.0
26,SP03,Hema,10,10,136,3.7,90,1.0,0.45,0,10,0,10.0
26,SP04,Ishan,10,10,139,5.0,90,1.0,0.45,0,10,0,10.0
26,SP05,Jiya,10,10,158,4.6,90,1.0,0.45,0,10,0,10.0
26,SP06,Kabir,10,10,141,4.7,90,1.0,0.45,0,10,0,10.0
26,SP07,Lalit,10,10,158,4.8,90,1.0,0.45,0,10,0,10.0
26,SP08,Mira,10,10,162,5.0,90,1.0,0.45,0,10,0,10.0
26,SP09,Naveen,10,10,139,5.0,90,1.0,0.45,0,10,0,10.0
26,SP10,Omkar,10,10,142,5.0,90,1.0,0.45,0,10,0,10.0
26,SP11,Priya,10,10,141,5.0,90,1.0,0.45,0,10,0,10.0
26,SP12,Rashmi,10,10,136,4.7,90,1.0,0.45,0,10,0,10.0
26,SP13,Siddharth,10,10,137,4.6,90,1.0,0.45,0,10,0,10.0
26,SP14,Tanvi,10,10,145,3.7,90,1.0,0.45,0,10,0,10.0
26,SP15,Usha,10,10,144,4.1,90,1.0,0.45,0,10,0,10.0
26,SP16,Varsha,10,10,151,4.7,90,1.0,0.45,0,10,0,10.0
26,SP17,Yash,10,10,152,4.9,90,1.0,0.45,0,10,0,10.0
26,SP18,Zain,10,10,153,3.8,90,1.0,0.45,0,10,0,10.0
26,SP19,Arjun,10,8,147,5.0,90,0.8,0.45,1,10,1,9.0
26,SP20,Bhavna,10,10,159,4.4,90,1.0,0.45,0,10,0,10.0
27,SP01,Fatima,10,10,165,3.7,84,1.0,0.42,0,10,0,10.0
27,SP02,Gaurav,10,9,153,5.0,84,0.9,0.42,1,10,1,9.0
27,SP03,Hema,10,10,175,5.0,84,1.0,0.42,0,10,0,10.0
27,SP04,Ishan,10,8,150,4.8,84,0.8,0.42,1,10,1,9.0
27,SP05,Jiya,10,10,153,3.5,84,1.0,0.42,0,10,0,10.0
27,SP06,Kabir,10,10,152,3.5,84,1.0,0.42,0,10,0,10.0
27,SP07,Lalit,10,10,134,4.4,84,1.0,0.42,0,10,0,10.0
27,SP08,Mira,10,10,145,5.0,84,1.0,0.42,0,10,0,10.0
27,SP09,Naveen,10,10,156,4.4,84,1.0,0.42,0,10,0,10.0
27,SP10,Omkar,10,8,164,4.4,84,0.8,0.42,1,10,1,9.0
27,SP11,Priya,10,10,137,4.3,84,1.0,0.42,0,10,0,10.0
27,SP12,Rashmi,10,10,153,4.6,84,1.0,0.42,0,10,0,10.0
27,SP13,Siddharth,10,10,139,4.0,84,1.0,0.42,0,10,0,10.0
27,SP14,Tanvi,10,10,156,3.5,84,1.0,0.42,0,10,0,10.0
27,SP15,Usha,10,10,144,4.1,84,1.0,0.42,0,10,0,10.0
27,SP16,Varsha,10,10,158,4.2,84,1.0,0.42,0,10,0,10.0
27,SP17,Yash,10,10,152,4.3,84,1.0,0.42,0,10,0,10.0
27,SP18,Zain,10,8,163,3.8,84,0.8,0.42,1,10,1,9.0
27,SP19,Arjun,10,10,132,4.5,84,1.0,0.42,0,10,0,10.0
27,SP20,Bhavna,10,9,134,4.2,84,0.9,0.42,1,10,1,9.0
28,SP01,Fatima,10,10,143,5.0,120,1.0,0.6,0,10,0,10.0
28,SP02,Gaurav,10,10,134,4.4,120,1.0,0.6,0,10,0,10.0
28,SP03,Hema,10,10,163,4.8,120,1.0,0.6,0,10,0,10.0
28,SP04,Ishan,10,10,157,4.2,120,1.0,0.6,0,10,0,10.0
28,SP05,Jiya,10,10,160,5.0,120,1.0,0.6,0,10,0,10.0
28,SP06,Kabir,10,10,153,4.1,120,1.0,0.6,0,10,0,10.0
28,SP07,Lalit,10,10,150,4.1,120,1.0,0.6,0,10,0,10.0
28,SP08,Mira,10,10,154,4.1,120,1.0,0.6,0,10,0,10.0
28,SP09,Naveen,10,10,133,4.4,120,1.0,0.6,0,10,0,10.0
28,SP10,Omkar,10,10,146,4.9,120,1.0,0.6,0,10,0,10.0
28,SP11,Priya,10,10,162,4.3,120,1.0,0.6,0,10,0,10.0
28,SP12,Rashmi,10,10,159,4.6,120,1.0,0.6,0,10,0,10.0
28,SP13,Siddharth,10,10,151,4.5,120,1.0,0.6,0,10,0,10.0
28,SP14,Tanvi,10,10,146,4.9,120,1.0,0.6,0,10,0,10.0
28,SP15,Usha,10,8,145,4.1,120,0.8,0.6,1,10,1,9.0
28,SP16,Varsha,10,10,133,4.5,120,1.0,0.6,0,10,0,10.0
28,SP17,Yash,10,10,160,4.5,120,1.0,0.6,0,10,0,10.0
28,SP18,Zain,10,10,163,5.0,120,1.0,0.6,0,10,0,10.0
28,SP19,Arjun,10,10,165,4.3,120,1.0,0.6,0,10,0,10.0
28,SP20,Bhavna,10,10,133,5.0,120,1.0,0.6,0,10,0,10.0
29,SP01,Fatima,10,10,158,4.7,92,1.0,0.46,0,10,0,10.0
29,SP02,Gaurav,10,9,153,4.8,92,0.9,0.46,1,10,1,9.0
29,SP03,Hema,10,8,140,3.2,92,0.8,0.46,1,10,1,9.0
29,SP04,Ishan,10,10,141,4.0,92,1.0,0.46,0,10,0,10.0
29,SP05,Jiya,10,10,164,5.0,92,1.0,0.46,0,10,0,10.0
29,SP06,Kabir,10,8,150,4.1,92,0.8,0.46,1,10,1,9.0
29,SP07,Lalit,10,10,155,4.5,92,1.0,0.46,0,10,0,10.0
29,SP08,Mira,10,10,142,5.0,92,1.0,0.46,0,10,0,10.0
29,SP09,Naveen,10,9,141,4.5,92,0.9,0.46,1,10,1,9.0
29,SP10,Omkar,10,9,164,4.3,92,0.9,0.46,1,10,1,9.0
29,SP11,Priya,10,10,149,4.2,92,1.0,0.46,0,10,0,10.0
29,SP12,Rashmi,10,10,141,5.0,92,1.0,0.46,0,10,0,10.0
29,SP13,Siddharth,10,8,148,4.9,92,0.8,0.46,1,10,1,9.0
29,SP14,Tanvi,10,8,154,5.0,92,0.8,0.46,1,10,1,9.0
29,SP15,Usha,10,10,169,4.5,92,1.0,0.46,0,10,0,10.0
29,SP16,Varsha,10,10,154,4.3,92,1.0,0.46,0,10,0,10.0
29,SP17,Yash,10,10,147,3.5,92,1.0,0.46,0,10,0,10.0
29,SP18,Zain,10,10,154,4.2,92,1.0,0.46,0,10,0,10.0
29,SP19,Arjun,10,10,157,5.0,92,1.0,0.46,0,10,0,10.0
29,SP20,Bhavna,10,10,148,4.6,92,1.0,0.46,0,10,0,10.0
30,SP01,Fatima,10,10,148,4.8,101,1.0,0.505,0,10,0,10.0
30,SP02,Gaurav,10,10,146,4.8,101,1.0,0.505,0,10,0,10.0
30,SP03,Hema,10,10,141,4.2,101,1.0,0.505,0,10,0,10.0
30,SP04,Ishan,10,10,171,5.0,101,1.0,0.505,0,10,0,10.0
30,SP05,Jiya,10,10,164,3.7,101,1.0,0.505,0,10,0,10.0
30,SP06,Kabir,10,10,141,3.7,101,1.0,0.505,0,10,0,10.0
30,SP07,Lalit,10,10,139,4.9,101,1.0,0.505,0,10,0,10.0
30,SP08,Mira,10,10,143,4.0,101,1.0,0.505,0,10,0,10.0
30,SP09,Naveen,10,10,151,4.9,101,1.0,0.505,0,10,0,10.0
30,SP10,Omkar,10,10,133,3.6,101,1.0,0.505,0,10,0,10.0
30,SP11,Priya,10,10,162,4.5,101,1.0,0.505,0,10,0,10.0
30,SP12,Rashmi,10,10,151,4.6,101,1.0,0.505,0,10,0,10.0
30,SP13,Siddharth,10,10,141,4.7,101,1.0,0.505,0,10,0,10.0
30,SP14,Tanvi,10,10,151,4.3,101,1.0,0.505,0,10,0,10.0
30,SP15,Usha,10,10,139,4.5,101,1.0,0.505,0,10,0,10.0
30,SP16,Varsha,10,10,140,3.4,101,1.0,0.505,0,10,0,10.0
30,SP17,Yash,10,10,149,4.7,101,1.0,0.505,0,10,0,10.0
30,SP18,Zain,10,8,147,4.1,101,0.8,0.505,1,10,1,9.0
30,SP19,Arjun,10,10,150,4.5,101,1.0,0.505,0,10,0,10.0
30,SP20,Bhavna,10,10,175,4.7,101,1.0,0.505,0,10,0,10.0
